﻿<?xml version="1.0" encoding="utf-8" ?>
<objects xmlns="http://www.springframework.net">

  <object type="NETWEB.Controllers.UserManagerController, NETWEB" singleton="false" >
    <property name="UserInfoBLL" ref="UserInfoBLL" />
  </object>

  <!--<object type="NETWEB.Controllers.LoginController, NETWEB" singleton="false" >
    <property name="UserInfoService" ref="UserInfoService" />
  </object>-->
  <object type="NETWEB.Controllers.UserLoginController, NETWEB" singleton="false">
    <property name ="UserInfoBLL" ref="UserInfoBLL" />
  </object>
  
  
</objects>
